epoch,capsnet_acc,capsnet_loss,decoder_loss,loss,val_capsnet_acc,val_capsnet_loss,val_decoder_loss,val_loss
0,0.20129869852489207,28.628413716435947,0.0715510282359082,28.656461748725924,0.21052631735801697,24.97443199157715,0.06355921179056168,24.999347686767578
