epoch,capsnet_acc,capsnet_loss,decoder_loss,loss,val_capsnet_acc,val_capsnet_loss,val_decoder_loss,val_loss
0,0.19058295890622076,27.813673010856046,0.07206378205608359,27.841921990227807,0.18518517911434174,24.592185974121094,0.06176416203379631,24.616397857666016
1,0.20627802804179254,24.51936642257622,0.07139461076580356,24.54735324842513,0.2777777910232544,24.098020553588867,0.06133606657385826,24.1220645904541
2,0.1950672626027612,23.90048762608002,0.0710552622451376,23.92834110858729,0.20370370149612427,24.33187484741211,0.061026431620121,24.355796813964844
3,0.21748878763395574,23.86735733955965,0.07072415961278394,23.895081165125553,0.14814814925193787,23.960439682006836,0.060985174030065536,23.984346389770508
4,0.20403587216753596,24.06172425650695,0.07079121921495472,24.089474494147193,0.18518517911434174,24.195375442504883,0.0607883520424366,24.21920394897461
